"Country Name","Country Code","1960","1961","1962","1963","1964","1965","1966","1967","1968","1969","1970","1971","1972","1973","1974","1975","1976","1977","1978","1979","1980","1981","1982","1983","1984","1985","1986","1987","1988","1989","1990","1991","1992","1993","1994","1995","1996","1997","1998","1999","2000","2001","2002","2003","2004","2005","2006","2007","2008","2009","2010","2011","2012","2013","2014","2015","2016","2017","2018","2019",
"Data Source","World Development Indicators","School enrollment secondary (% net)","1961","1962","1963","1964","1965","1966","1967","1968","1969","1970","1971","1972","1973","1974","1975","1976","1977","1978","1979","1980","1981","1982","1983","1984","1985","1986","1987","1988","1989","1990","1991","1992","1993","1994","1995","1996","1997","1998","1999","2000","2001","2002","2003","2004","2005","2006","2007","2008","2009","2010","2011","2012","2013","2014","2015","2016","2017","2018","2019",
"Last Updated Date","2020-09-08",
"Aruba","ABW","","","","","","","","","","","","","","","","","","","","","","","","","","","","","","","","","","","","","","","","77.81521","76.83175","72.41274","76.8075","72.36007","73.44491","75.12471","","80.52762","74.48249","77.72432","","76.94634","","","","","","","","",
"Afghanistan","AFG","","","","","","","","","","","","","","","8.39304","","","","","","","","","","","","","","","","","","","14.51242","","","","","","","","","","","","","","26.55995","","","","","","46.1909","46.0584","45.43273","46.6585","48.44288","50.1407","",
"Angola","AGO","","","","","","","","","","","","","4.46014","","","","","","","","","","7.16385","","","","","","","","","","","","","","","","","","","","","","","","","","9.15376","9.63002","11.29064","","","","","","","","","",
"Albania","ALB","","","","","","","","","","","","","","","","","","","","","","","","","","","","","","","","","","","","","","","","","66.69051","68.41048","","","","","","","","","","","","84.39599","86.39145","87.38842","86.48091","86.6726","86.60827","",
"Andorra","AND","","","","","","","","","","","","","","","","","","","","","","","","","","","","","","","","","","","","","","","","","","","","","","","","","","","","","","","","","","","","",
"Arab World","ARB","","","","","","","","","","","21.11032","21.22642","21.37414","22.68826","23.16868","24.45432","25.92266","27.79315","29.60527","31.04599","32.17602","32.65989","34.1568","35.3065","36.57526","37.99771","39.77378","40.88724","41.37932","42.05497","44.54737","44.71384","43.76501","44.38228","46.19188","46.28907","46.40997","47.67226","49.06666","50.59593","51.92024","53.24759","54.05277","55.7292","57.48235","57.5619","57.46168","57.23471","58.28565","60.34947","60.67437","62.26881","62.45941","61.08331","61.53884","62.06563","62.55911","63.06303","63.51428","",
"United Arab Emirates","ARE","","","","","","","","","","","","","","","","","","","26.75091","","37.28006","","","","","","","","","","","57.81253","60.24952","64.12178","69.27369","72.8265","","70.25707","69.90386","","","","","","","","","","","","","","","","","","87.06773","92.79992","","",
"Argentina","ARG","","","","","","","","","","","","","","","40.49867","41.97323","","","","","","","","","","","","","","","","","","","","","","","74.40915","76.26566","78.48781","78.94955","78.81052","78.51365","78.53653","77.93493","77.80917","77.68491","78.65304","80.56529","82.09918","83.52317","85.89363","87.09754","87.6325","88.44048","89.88468","90.79605","","",
"Armenia","ARM","","","","","","","","","","","","","","","","","","","","","","","","","","","","","","","","","","","","","","","","","","","","","","86.5328","88.92706","91.63539","86.10852","92.32107","92.50998","87.74122","","","","","","","","",
"American Samoa","ASM","","","","","","","","","","","","","","","","","","","","","","","","","","","","","","","","","","","","","","","","","","","","","","","","","","","","","","","","","","","","",
"Antigua and Barbuda","ATG","","","","","","","","","","","","","","","","","","","","","","","","","","","","","","","","","","","","","","","","","70.69304","","","","","","","","","92.48712","","","","","83.36424","86.00054","","87.74032","88.78981","",
"Australia","AUS","","","","","","","","","","","","","","","","","","","","","","","","","","","","","","","","","","87.30407","87.27602","87.42722","89.08954","","","","","","","","","","","","","","","","","","","93.23812","92.76952","92.28431","","",
"Austria","AUT","","","","","","","","","","","","68.60957","68.57248","","68.16386","70.17104","70.52792","","","","","","","","","","","","","","","","","","","","","","","88.47397","88.42819","","88.40836","88.4619","88.60349","89.18387","89.26828","88.21249","88.16806","87.93998","86.79411","86.61554","86.14129","86.22208","86.55112","86.71155","87.37319","87.00131","","",
"Azerbaijan","AZE","","","","","","","","","","","","","","","","","","","","","","","","","","","","","","","","","","","","","","","","","","","","","","","","","","","","","","","","","","","88.53256","",
"Burundi","BDI","","","","","","","","","","","","","","","","","2.05251","2.07995","","","2.15232","","2.51639","2.3506","2.42699","2.633","2.84889","3.14835","","","","","","5.05246","","","","","","","","","","","","","","","","13.09097","15.17589","16.88675","18.42151","21.40103","25.95054","28.89895","32.18514","28.30495","27.52277","",
"Belgium","BEL","","","","","","","","","","","","","","","","","","78.01196","","","","","","","","","","","","","","","","95.98406","97.97036","99.04244","97.67064","","","93.58057","93.23441","94.11793","94.64411","96.34794","97.69044","97.54728","97.9871","96.35917","94.63375","93.46701","92.69016","92.56495","93.15346","93.63938","93.83306","93.65346","94.11758","94.94691","","",
"Benin","BEN","","","","","","","","","","","","","","","","","","","","","","","","","","","","","","","","","","","","","","","","","17.4436","18.88049","","","","","","","","","","","","43.42783","","46.58049","","","","",
"Burkina Faso","BFA","","","","","","","","","","","","","","","","","","","","","","","","2.46756","","2.99355","3.50964","","","5.27344","","","6.67478","6.8609","6.86524","","","","","8.63831","","7.98013","","9.48721","10.55512","11.39514","12.2104","12.92052","14.773","15.822","16.48295","18.46052","19.74492","21.66185","","26.53378","28.10485","29.14227","31.00148","",
"Bangladesh","BGD","","","","","","","","","","","","","","","","","16.52433","14.53011","","","","16.01118","","19.38873","","","","19.49982","","","","","","","","","","","41.96004","45.10087","46.4506","47.72372","48.85865","48.62257","45.27481","43.94428","44.60284","45.41006","","46.3405","47.65124","47.29212","49.66535","54.27441","","59.13634","65.21977","63.74088","66.54968","",
"Bulgaria","BGR","","","","","","","","","","","","","","","","","","","","","","","","","","","","","","","","","","","","","84.36506","84.29781","84.47823","85.22409","86.44825","87.27445","87.63113","84.91763","85.78885","85.89795","85.10716","84.9176","84.19548","83.43903","83.95626","85.72393","86.73715","90.03958","91.02326","91.22931","90.10467","89.05757","","",
"Bahrain","BHR","","","","","","","","","","","","","","","","","","44.49664","47.30355","50.78448","","","58.75061","69.9067","67.10597","72.6233","76.82985","73.83914","","75.80844","","","84.70331","","90.47407","91.90458","","85.39812","85.41438","84.76823","88.15098","88.95659","86.03916","85.76261","86.78134","87.7959","88.17757","","84.73309","85.1202","86.11679","87.53958","84.05848","85.36073","88.29499","91.09603","93.07504","92.35773","90.19346","",
"Bahamas","BHS","","","","","","","","","","","","","","","","","","","","","","90.34744","","","90.35065","","","","","","","","89.24923","89.52996","85.89953","","","","","70.7111","","","","","79.4314","82.12592","83.14323","85.49348","84.04865","81.54506","79.75847","74.73581","75.71744","68.50649","72.62728","58.91371","66.65546","65.13657","62.4958","",
"Bosnia and Herzegovina","BIH","","","","","","","","","","","","","","","","","","","","","","","","","","","","","","","","","","","","","","","","","","","","","","","","","","","","","","","","","","","","",
"Belarus","BLR","","","","","","","","","","","","","","","","","","","","","","","","","","","","","","","","","","","","","","","","","","","","","","","","","","","94.90999","95.19412","96.37232","97.40129","98.06344","98.50839","97.60838","96.37553","95.63948","",
"Belize","BLZ","","","","","","","","","","","","","","","","","","","","","","","","","","","","","","","","","","","","","","","","55.27524","58.59082","60.15394","","68.07142","","65.00642","64.72732","64.16498","63.37331","63.70928","63.64555","65.33882","67.45447","69.13129","69.22614","69.39745","72.08962","70.34414","71.149","",
"Bermuda","BMU","","","","","","","","","","","","","","","","","","","62.85371","","","","","","","","","","","","","","","","","","","","","","","","","","","","","","","","58.19615","72.76762","","","","","","","","",
"Bolivia","BOL","","","","","","","","","","","","","","","","","","","","","","","","","","","","","","","","","","","","","","","","","62.3867","65.13454","69.4617","72.04412","74.14804","74.68435","74.05262","73.1655","72.09962","72.78282","72.78318","72.385","73.56987","75.20722","75.86576","76.68761","76.9402","76.1901","76.55438","",
"Brazil","BRA","","","","","","","","","","","","","","","","","","","","","","","","","","","","","","","","","","","","","","","","","","","","","","","","73.1817","","78.79924","","77.95811","76.39968","82.04583","81.92489","81.68909","82.32779","81.72855","","",
"Barbados","BRB","","","","","","","","","","","","","","","","","","","80.44977","","","84.61138","82.92038","82.91407","83.95341","87.79888","","","","81.8244","78.87825","","","","","","","","","94.89956","91.89882","86.51719","87.64809","89.49912","93.05113","92.19581","91.74959","92.11493","88.21988","84.39782","85.18712","88.83452","","","99.28103","98.12713","95.9634","95.94098","93.63078","",
"Brunei Darussalam","BRN","","","","","","","","","","","","","","","","","","49.52034","49.22443","50.24547","51.61776","50.98676","52.35966","54.21818","51.35726","","","","","","","67.8667","64.05243","65.11097","66.4349","","","","","","","","","","","88.24888","89.34426","87.6805","87.52486","89.11406","90.15449","91.16476","93.3478","91.37788","87.44971","85.06305","83.7965","84.04573","82.64549","",
"Bhutan","BTN","","","","","","","","","","","","","","","","","","","","","","","","","","","","","","","","","","","","","","","17.79326","19.61823","22.06706","24.15914","","","","33.86471","36.80107","","44.05713","45.84115","50.06988","51.61726","55.06652","58.16924","61.73468","63.7082","64.54163","67.06537","70.19893","",
"Botswana","BWA","","","","","","","","","","","","6.88741","7.63231","8.96617","9.98217","11.44689","12.7657","13.74645","13.58212","13.5333","15.32198","16.58011","","","19.96255","22.74431","24.168","","","28.63336","31.77361","39.68134","40.16109","43.78824","43.10613","43.08806","","","62.07418","56.64096","59.25608","","58.0914","59.78544","","","","","","","","","","","","","","","","",
"Central African Republic","CAF","","","","","","","","","","","","3.98638","4.76289","5.36927","","","","","","","","","","","","","","","","","","","","","","","","","","","","","","","","","","","","10.45646","","13.81829","13.61317","","","","","12.71989","","",
"Canada","CAN","","","","","","","","","","","","","","","","","","","","","","","","","","","","","","","","","","","91.25919","","","","","","","","","","","","","","","","","","92.14326","91.46145","90.95273","92.4135","99.32178","99.80968","","",
"Central Europe and the Baltics","CEB","","","","","","","","","","","","","","","","","","","","","","","","","","","","","","","","","","","","80.32739","81.25881","81.95335","81.63724","82.83267","83.96686","85.36463","86.47308","86.86822","86.43209","87.42453","87.61808","88.0053","88.58306","88.54583","88.71338","88.62826","88.56838","89.68087","89.51156","89.81324","89.62629","89.76877","89.73885","",
"Switzerland","CHE","","","","","","","","","","","","","","","","","","","","","","79.03838","78.80167","78.47525","78.32774","78.16349","77.68906","77.26125","77.15978","76.81958","77.33685","78.14829","78.90112","80.00502","81.07155","","","","","84.63215","84.66111","84.14402","83.37213","83.3568","83.98112","84.72205","85.22291","84.85637","84.53242","83.63971","83.68751","83.20701","81.17079","83.55855","84.47933","85.13441","85.82816","85.32946","","",
"Channel Islands","CHI","","","","","","","","","","","","","","","","","","","","","","","","","","","","","","","","","","","","","","","","","","","","","","","","","","","","","","","","","","","","",
"Chile","CHL","","","","","","","","","","","","","","","","","","","","","","","","","","","","","","","","","","","","","","","","","","","","","","","","86.66387","85.6857","83.55124","84.80201","85.24744","84.55065","87.8075","88.54193","88.96612","88.96576","88.65187","","",
"China","CHN","","","","","","","","","","","","","","","","","","","","","","","","","","","","","","","","","","","","","","","","","","","","","","","","","","","","","","","","","","","","",
"Cote d'Ivoire","CIV","","","","","","","","","","","","","","","","","","","","","","","","","","","","","","","","","","","","","","","","","","","","","","","","","","","","","","","30.17366","","34.6828","37.99436","40.19814","",
"Cameroon","CMR","","","","","","","","","","","","6.86515","7.65745","8.48205","9.10231","10.14336","11.10677","12.03692","13.14179","13.7882","14.2977","15.14787","","","","","","","","","","","","","","","","","","","","","","","","","","","","","","","39.66006","41.01904","43.96082","45.01617","45.99349","","","",
"Congo Dem. Rep.","COD","","","","","","","","","","","","","","","","","","","","","","","","","","","","","","","","","16.48841","17.6214","18.30653","","","","","","","","","","","","","","","","","","","","","","","","","",
"Congo Rep.","COG","","","","","","","","","","","","","17.23066","","28.10853","","36.2393","","","","","","","","","","","","","","","","","","","","","","","","","","","","","","","","","","","","","","","","","","","",
"Colombia","COL","","","","","","","","","","","","","","","","","","","","","","","","","","","","","","","","","","","","","","","","","","","","","","63.648","67.7345","70.40955","71.39134","74.13559","75.30739","77.26227","75.66677","76.31163","75.58286","75.60237","76.20192","76.5618","77.47078","",
"Comoros","COM","","","","","","","","","","","","","","","","","","","","","","","","","","","","","","","","","","","","","","","","","","","","","","","","","","","","","","44.41592","44.7685","","","42.9786","50.35748","",
"Cabo Verde","CPV","","","","","","","","","","","","","","","","","","","","","","","","","","","","9.57087","","","","","","","24.11817","","","","","","","","57.2428","57.62792","57.0896","60.3446","60.58402","62.50202","","65.28223","65.4943","","69.36106","70.65632","71.03095","71.74531","71.59851","71.43748","70.42826","",
"Costa Rica","CRI","","","","","","","","","","","22.11069","","","30.44245","33.50941","33.62549","34.14619","","","37.68889","","38.97336","37.55369","","","34.70914","35.40541","36.18808","","36.58867","37.34656","37.77787","40.09984","40.88592","42.77224","42.9093","42.42682","","","","","","","","","","","","","","","75.30508","75.64349","76.95778","77.99166","80.32835","82.5849","81.86735","82.44799","",
"Caribbean small states","CSS","","","","","","","","","","","","","","","48.13205","53.19573","55.06298","56.11652","57.47948","58.65683","61.10869","59.04008","58.87349","59.37407","59.12758","60.50765","60.81042","61.81253","63.3931","62.83298","63.89757","65.18306","65.29212","64.35303","66.1665","67.83185","69.49139","71.1024","72.07722","73.46059","73.15722","74.00953","74.25208","73.79626","75.81996","75.16683","75.11725","75.36628","75.40196","75.13246","74.6868","74.97573","73.82884","73.13051","73.56486","72.70735","73.75093","73.90341","74.27317","",
"Cuba","CUB","","","","","","","","","","","","","20.5345","22.57113","26.69317","","","","","59.78832","","","","","","","67.6805","66.90236","67.3895","68.64962","68.61211","68.55566","66.64532","","59.87241","","","","","75.76883","80.49006","82.25167","82.60463","85.11799","85.1098","86.64633","88.66745","88.32925","87.50112","85.67697","88.24106","87.90295","86.64642","87.24085","85.14799","83.56161","84.18424","84.18099","84.18162","",
"Curacao","CUW","","","","","","","","","","","","","","","","","","","","","","","","","","","","","","","","","","","","","","","","","","","","","","","","","","","","","","","","","","","","",
"Cayman Islands","CYM","","","","","","","","","","","","","","","","","","","","","","","","","","","","","","","","","","","","","","","","","","","","","","","","","","","","","","","","","","","","",
"Cyprus","CYP","","","","","","","","","","","","51.22608","53.41426","57.92186","60.63436","58.59046","63.06196","63.5443","61.748","61.92533","62.14607","62.0292","60.88027","60.91112","","","","","","","","","","","89.53134","89.54795","89.61305","89.00555","","87.81234","88.0464","88.30934","91.67274","92.80423","93.00759","94.10166","94.05908","95.09996","95.80445","95.52999","88.83383","89.68342","91.83179","93.17237","94.71498","94.63238","94.09316","95.337","","",
"Czech Republic","CZE","","","","","","","","","","","","","","","","","","","","","","","","","","","","","","","","","","","","","","","","","","88.47714","89.18993","","89.68074","","","","","","","","","87.77459","88.87644","90.16472","91.00416","90.51857","","",
"Germany","DEU","","","","","","","","","","","","","","","","","","","","","","","","","","","","","","","","","","","","","","","","","","","89.58207","89.62782","89.76944","90.09314","89.71943","89.12277","89.52043","88.17308","88.12181","88.47512","88.0323","87.32363","86.63283","86.12309","85.46939","85.29882","","",
"Djibouti","DJI","","","","","","","","","","","","","","","","","","","","","","","","","","9.0938","9.36461","9.96238","9.3606","","","","","","","","","11.44128","","","","14.17161","14.7086","","19.26153","21.2435","","","26.46648","","","","","","","37.8168","","","","",
"Dominica","DMA","","","","","","","","","","","","","","","","","","","","","","","","","","","","","","","","","","","","","","","","82.08058","88.51696","85.13978","","87.81282","87.40997","84.78321","72.56556","","","70.23535","73.52168","72.73973","","","","80.9661","87.73568","","","",
"Denmark","DNK","","","","","","","","","","","","","","","","","","","","","","87.9823","87.78228","87.04901","85.0807","83.92338","83.29392","83.56807","84.6473","86.31438","87.10454","87.11601","86.75411","86.55325","87.08292","86.71742","87.28194","","87.9482","","88.60073","89.47715","91.05446","93.92329","91.19584","91.57663","89.38548","89.25386","89.33902","89.83744","90.13414","91.17921","90.22411","90.11001","89.4441","89.39882","89.88581","90.92146","","",
"Dominican Republic","DOM","","","","","","","","","","","","","","","","","","","","","","","","","","","","","","","","","","","","","","","","39.66008","40.60467","","50.94075","","50.03848","53.29682","","62.2369","60.8427","64.31607","63.72856","63.17685","63.82419","65.55798","66.95176","67.83227","68.88978","70.27235","70.60614","",
"Algeria","DZA","","","","","","","","","","","","9.76547","","","","","","","","","","","","","38.9646","","","","","","","","","","","52.54394","53.0662","52.9321","","","","","","","","","","","","","","","","","","","","","","",
"East Asia & Pacific (excluding high income)","EAP","","","","","","","","","","","","","","","","","","","","","","","","","","","","","","","","","","","","","","","60.99431","62.34993","63.01623","63.72722","63.59607","64.86047","66.26525","67.06287","68.14741","70.20499","70.16523","72.04053","74.03742","75.58281","74.77548","76.30379","78.85949","78.55537","78.6135","78.30426","78.46543","",
"Early-demographic dividend","EAR","","","","","","","","","","","","","","","","","","","","","","","","","","","","","","","","","","","41.51897","42.10724","42.65316","","","43.36455","44.71883","45.48601","46.83975","48.40217","49.63541","50.70762","52.05767","53.93973","55.10672","55.18157","56.88916","58.92174","60.30106","61.58025","62.1179","62.53617","62.77726","63.76386","64.08017","",
"East Asia & Pacific","EAS","","","","","","","","","","","","","","","","","","","","","","","","","","","","","","","","","","","","","","","61.97727","63.19142","63.76998","64.41759","64.31124","65.56578","66.95903","67.772","68.8405","70.8343","70.83102","72.67283","74.56665","76.05022","75.38456","76.80045","79.21913","78.92814","79.01017","78.7363","78.90534","",
"Europe & Central Asia (excluding high income)","ECA","","","","","","","","","","","","","","","","","","","","","","","","","","","","","","","","","","","","","","","","79.97245","81.64213","83.45605","83.40459","83.68168","81.99364","80.63589","81.34277","82.16796","82.26676","82.06513","84.09228","85.73788","86.24599","88.22682","88.81447","89.01455","88.20588","88.63549","88.08639","",
"Europe & Central Asia","ECS","","","","","","","","","","","","","","","","","","","","","","78.95831","79.28325","79.61639","79.89069","80.47146","81.36614","81.791","81.94486","81.95734","81.78736","81.56318","","","","","83.55694","83.4842","83.0164","83.461","84.63935","85.8942","86.27247","86.65042","85.97591","85.80879","86.20452","86.4081","86.72783","86.6353","87.83752","88.24032","88.28786","89.4201","89.92729","90.22944","89.93778","90.20232","89.92563","",
"Ecuador","ECU","","","","","","","","","","","","","","","","","","","","","","","","","","","","","","","","","","","","","","","46.12997","47.17097","47.76897","48.55978","49.94952","49.94144","50.72485","53.08892","54.49689","56.01364","","69.16066","71.80644","72.8084","76.17987","80.13801","83.36107","84.72536","85.92267","85.3386","84.67039","",
"Egypt Arab Rep.","EGY","","","","","","","","","","","","26.38686","26.14083","28.90658","28.74886","","","","","","","","","","","","","","","","","","","","64.5053","","","","","","","","","","","","","","","","","","","","76.81479","","80.74153","81.65996","82.77635","",
"Euro area","EMU","","","","","","","","","","","","","","","","73.02254","73.80958","74.84289","75.28913","75.66325","76.22538","76.17909","76.51036","76.9873","77.35963","77.9843","79.18123","79.79006","79.97229","80.26761","80.39367","81.48579","83.03105","85.74047","88.4436","88.64476","88.9461","88.64937","86.58209","86.19609","86.81765","87.22753","88.03141","88.46882","89.46641","90.67789","91.22277","90.72391","91.25926","91.16182","91.3596","90.81806","90.61763","90.02466","89.83049","90.03888","90.38816","90.58376","90.60507","",
"Eritrea","ERI","","","","","","","","","","","","","","","","","","","","","","","","","","","","","","","","","","","15.98817","17.20103","","20.0927","","24.90625","27.63756","26.97164","27.3134","27.76501","29.89231","32.07118","34.31103","35.72305","38.30874","42.17554","46.63161","48.75162","51.39255","48.24244","48.19877","42.78074","","40.69051","41.57501","",
"Spain","ESP","","","","","","","","","","","","46.03706","45.27388","52.14207","","58.13073","61.53776","64.58672","66.315","69.11859","72.43316","73.5598","","","","","","","","","","","","","","","","","","87.22194","88.76119","90.33215","90.92089","91.28496","92.41558","93.27141","92.8639","92.07332","91.50683","91.07021","90.86856","89.39714","89.80611","90.5337","91.42704","92.77119","94.94198","96.87779","","",
"Estonia","EST","","","","","","","","","","","","","","","","","","","","","","","","","","","","","","","","","","","","","","","83.75907","83.95348","85.07887","85.7722","88.4054","89.4797","91.47287","93.41205","93.78821","92.89928","91.89447","91.23404","90.93238","91.33162","91.28602","92.09885","92.68432","93.82438","94.2014","94.36474","","",
"Ethiopia","ETH","","","","","","","","","","","","","","","","","","","","","","","","","","","","","","","","","","","","","","","","10.96812","12.48979","13.21767","15.0676","","","","","","","","","","","","30.09293","30.8138","","","","",
"European Union","EUU","","","","","","","","","","","","","","","","73.38142","74.14046","75.10009","75.56159","75.99452","76.61292","76.99051","77.46085","77.89215","78.14864","78.78205","79.93555","80.53791","80.73092","81.03931","81.18913","81.41288","82.12079","85.1068","87.10998","87.25775","87.63187","87.50363","86.32926","86.50022","87.16646","87.80873","88.69977","89.06678","89.4852","90.59826","90.58935","90.2333","90.918","91.09391","91.46895","90.66274","90.25664","90.53868","90.84754","91.19895","91.32184","91.44627","91.46641","",
"Fragile and conflict affected situations","FCS","","","","","","","","","","","","","","","","","","","","","","","","","","","","","","","","22.20481","22.14214","22.2499","22.85873","23.60075","23.79204","24.01738","24.56148","24.77815","25.72943","26.42205","26.75585","28.39825","30.21112","30.85191","31.97246","32.37373","33.81246","34.84787","35.5295","35.93476","36.6002","35.62697","36.03712","36.51341","36.85874","37.63171","37.62826","",
"Finland","FIN","","","","","","","","","","","","70.421","","","","","","","","84.82012","","","","","","","","","","","","92.9061","","94.72554","94.63973","92.20016","92.44898","93.15815","97.17798","94.4922","94.47773","94.18191","94.39933","94.95765","95.10188","95.79214","96.22216","95.81085","94.97304","94.24573","93.90982","93.49709","92.86466","94.476","94.61306","95.26385","95.93474","96.1047","","",
"Fiji","FJI","","","","","","","","","","","","","","","","","","","","","","","","","","","","","","","","","","","","","","","","75.58069","72.26564","74.79579","75.86326","76.51975","83.30853","","85.43666","81.22868","","80.43713","","85.09221","84.52339","","","","","","","",
"France","FRA","","","","","","","","","","","","","","","","","76.25555","77.03062","","76.79625","76.98573","77.14668","77.4243","78.38809","","80.90127","81.31056","81.5499","81.63866","82.00271","82.68329","","88.46125","89.6024","95.50216","96.21678","95.53034","94.93124","","90.10899","89.91505","89.6317","89.28409","89.03434","88.89251","92.63271","92.66312","92.60787","92.59771","92.6832","92.55883","92.86607","93.22666","93.39347","92.95679","93.58103","93.95576","94.66595","","",
"Faroe Islands","FRO","","","","","","","","","","","","","","","","","","","","","","","","","","","","","","","","","","","","","","","","","","","","","","","","","","","","","","","","","","","","",
"Micronesia Fed. Sts.","FSM","","","","","","","","","","","","","","","","","","","","","","","","","","","","","","","","","","","","","","","","","","","","","","","","","","","","","","","","","","","","",
"Gabon","GAB","","","","","","","","","","","","","","","","","","","","","","","","","","","","","","","","","","","","","","","","","","","","","","","","","","","","","","","","","","","","",
"United Kingdom","GBR","","","","","","","","","","","","70.19831","70.58994","71.20154","76.53078","76.47202","77.38921","76.91629","76.13394","75.53121","","76.80322","77.59085","78.83851","78.90733","","80.26647","80.10621","","","78.43803","80.9996","83.63754","92.06388","93.9031","94.8189","93.93028","92.76342","93.50332","94.65621","94.68536","94.95354","95.64137","95.47093","95.02938","95.55691","92.34619","91.17435","92.61934","94.46231","96.16818","92.958","90.8005","93.84317","97.18701","98.13521","","97.13247","","",
"Georgia","GEO","","","","","","","","","","","","","","","","","","","","","","","","","","","","","","","","","","","","","73.62613","76.91283","","82.18443","85.2912","","","","","88.04291","88.2985","91.36429","91.34337","87.67605","","","","88.75413","90.22179","91.29973","92.4141","94.21028","95.94754","",
"Ghana","GHA","","","","","","","","","","","","","","","","","","","","","","","","","","","","","","","","","","","","","","","","31.73723","32.14966","30.42478","31.88805","32.85822","","36.65545","38.06956","43.33563","44.01556","42.53878","","","","52.66323","52.13977","55.58338","55.43891","55.4414","58.2609","57.24406",
"Gibraltar","GIB","","","","","","","","","","","","","","","","","","","","","","","","","","","","","","","","","","","","","","","","","","","","","","","","","","","","","","","","","89.36282","93.83962","","",
"Guinea","GIN","","","","","","","","","","","","","","","","","","","","","","","","","","","7.97311","","","6.55104","6.24106","","","","","","","","","12.00841","","16.0888","18.04796","19.20104","20.36491","23.22898","25.549","","","","","30.02945","","","32.20633","","","","","",
"Gambia","GMB","","","","","","","","","","","","","","","","","","","7.60565","7.49428","","","","12.23244","14.03888","14.78404","14.63149","","","","","","","","","","","","","","","","","","","","","","","","","","","","","","","","","",
"Guinea-Bissau","GNB","","","","","","","","","","","","","","","","","","","","","","2.69955","3.50441","","3.56842","","","","","","","","","","","","","","","","8.55698","","","","","","","","","","","","","","","","","","","",
"Equatorial Guinea","GNQ","","","","","","","","","","","","","","","","","","","","","","","","","","","","","","","","","","","","","","","","17.65151","","18.12672","","","","20.36275","","","","","","","","","","","","","","",
"Greece","GRC","","","","","","","","","","","","50.38854","55.07287","56.29637","56.7926","57.56031","60.10059","62.00223","64.02107","65.31781","71.42819","","75.34419","","76.30285","77.77186","78.99694","81.0754","80.78249","81.48012","80.79063","81.25462","81.4163","","79.84033","80.90449","81.12858","80.76816","80.39055","79.8864","79.81704","81.9838","84.87402","84.42879","86.17291","89.97076","90.06458","87.76634","","","95.21512","","","93.39264","91.30938","92.49466","92.48486","93.34588","","",
"Grenada","GRD","","","","","","","","","","","","","22.73973","","","","","","","","","","","","","","","","","","","","","","","","","","","","","","88.54521","82.07647","89.13555","86.42776","","","","","","","","88.37907","91.55919","95.53421","","87.72998","","",
"Greenland","GRL","","","","","","","","","","","","","","","","","","","","","","","","","","","","","","","","","","","","","","","","","","","","","","","","","","","","","","","","","","","","",
"Guatemala","GTM","","","","","","","","","","","","","7.40452","","8.80494","9.30466","","","","13.46789","12.10072","","13.42526","","","","","","","","","","","","","","","","","22.06259","24.4983","27.54215","28.33468","","","","","","36.74233","38.34263","41.79092","42.21131","42.66609","42.87372","43.12295","44.13192","43.92075","43.59611","43.77665","",
"Guam","GUM","","","","","","","","","","","","","","","","","","","","","","","","","","","","","","","","","","","","","","","","","","","","","","","","","","","","","","","","","","","","",
"Guyana","GUY","","","","","","","","","","","","53.50782","","","","","","","","","","","","","","","","","","","","","","","","","","","","71.71633","","","","","","","","","","76.15302","","86.77272","82.33976","","","","","","","",
"High income","HIC","","","","","","","","","","","","","","","","","","","","","","","","75.13417","75.89377","76.07023","76.83735","77.27301","76.92701","76.76111","76.64903","77.6908","78.90368","81.25825","83.2342","83.74972","84.14516","84.23718","83.77723","83.46767","83.89104","84.70912","84.9358","86.18926","86.83769","87.43483","87.37573","87.21115","87.53733","87.8061","87.93087","88.15138","88.29552","88.67842","89.1936","89.87371","90.53649","90.745","90.81931","",
"Hong Kong SAR China","HKG","","","","","","","","","","","","33.87941","35.30299","37.22131","39.62656","43.02282","45.34576","48.34647","51.56288","55.39661","58.50658","60.87547","","65.0753","66.39646","68.429","","","","","","","","","","","77.28146","","","","","72.8222","72.80981","73.28081","74.14769","75.10865","75.59361","76.89025","78.07838","78.97387","79.86728","78.43632","90.01135","88.72314","88.86817","89.30273","91.4471","93.73494","96.14117","",
"Honduras","HND","","","","","","","","","","","","","","","","","","","","","","","","24.38114","","","","","","","","19.89342","","","","","","","","","","","","","","","","","","","","","","42.20253","41.1479","40.80784","42.5185","43.77822","","",
"Heavily indebted poor countries (HIPC)","HPC","","","","","","","","","","","","","","","","","","","","","","","","","","","","","","","","","14.79937","14.79945","15.10326","15.49938","15.52114","15.57631","16.21013","16.75426","17.42459","17.95761","18.72361","19.40317","20.51107","21.72503","23.21675","24.70388","26.41139","27.64159","28.896","29.74624","30.5583","30.81079","31.47466","32.43202","32.2428","32.53769","32.8487","",
"Croatia","HRV","","","","","","","","","","","","","","","","","","","","","","","","","","","","","","","","","","","","","","","","82.02676","82.35159","82.72222","83.68739","85.20446","","88.49412","","","93.3058","96.49343","95.03317","94.33046","94.13438","93.30197","92.39203","92.24036","91.87656","92.39267","","",
"Haiti","HTI","","","","","","","","","","","","","","","","","","","","","","","","","","","","","","","","","","","","","","","","","","","","","","","","","","","","","","","","","","","","",
"Hungary","HUN","","","","","","","","","","","","","","","","","","","","","","","","","","","","","","","","","","","","","","81.55924","81.59047","83.50017","85.0428","87.41386","88.99301","90.55161","89.71743","90.00626","90.084","90.00401","89.64615","89.1824","89.09243","88.39353","88.94628","89.67352","89.78721","89.1319","89.15815","89.27911","","",
"IBRD only","IBD","","","","","","","","","","","","","","","","","","","","","","","","","","","","","","","","","","","","","","","57.10068","57.47513","58.5507","59.18451","59.76992","60.73154","61.7581","62.74446","63.44455","64.90056","65.94445","66.50128","68.27682","69.97504","70.32132","71.99196","73.04477","73.0542","72.90287","73.48382","73.57131","",
"IDA & IBRD total","IBT","","","","","","","","","","","","","","","","","","","","","","","","","","","","","","","","","","","","","","","49.73541","50.08662","51.08576","51.76041","52.37108","53.23577","54.1322","54.82988","55.49902","56.57491","57.35668","57.85632","59.25592","60.37714","60.68411","61.91644","62.72301","62.75054","62.8315","63.24158","63.32784","",
"IDA total","IDA","","","","","","","","","","","","","","","","","","","","","","","","","","","","","","","","","","","","","","","26.03856","26.48004","27.27955","28.1445","28.9582","29.94547","30.85827","31.40992","32.80356","33.7018","34.68168","35.79291","36.99878","37.36552","38.07079","38.72726","39.38482","39.94132","40.96381","41.25943","41.64309","",
"IDA blend","IDB","","","","","","","","","","","","","","","","","","","","","","","","","","","","","","","","","","","","","","","29.5835","29.29999","29.5595","30.48757","30.97379","31.72914","33.52494","33.93582","35.89015","36.66764","37.95605","38.96587","40.42474","40.32432","40.34677","41.75226","42.30329","41.7424","43.48944","44.27608","44.93787","",
"Indonesia","IDN","","","","","","","","","","","","","16.28677","16.59849","17.09416","18.44464","19.3182","19.65102","20.87823","","","","","","","","","42.08292","","","","","","","","41.82443","","","","","","49.59","50.80151","53.46558","54.89742","53.3964","57.5779","64.8416","64.02634","64.76545","66.64897","72.91917","74.17695","75.36034","75.21275","75.77185","","","78.73112","",
"IDA only","IDX","","","","","","","","","","","","","","","","","","14.98175","15.36249","15.8974","16.75024","","","18.12253","18.39569","18.34159","18.31204","18.50724","18.69466","18.58864","18.2695","19.06751","19.6725","20.20399","20.89601","21.95332","22.57271","23.19076","24.20341","25.02192","26.10125","26.92863","27.91417","29.03142","29.4728","30.08863","31.18289","32.14792","32.96999","34.1441","35.22685","35.85177","36.91835","37.18216","37.89062","39.03294","39.67625","39.71058","39.94525","",
"Isle of Man","IMN","","","","","","","","","","","","","","","","","","","","","","","","","","","","","","","","","","","","","","","","","","","","","","","","","","","","","","","","","","","","",
"India","IND","","","","","","","","","","","","","","","","","","","","","","","","","","","","","","","","","","","","","","","","","","","","","","","","","","","","","","61.63147","","","","","","",
"Not classified","INX","","","","","","","","","","","","","","","","","","","","","","","","","","","","","","","","","","","","","","","","","","","","","","","","","","","","","","","","","","","","",
"Ireland","IRL","","","","","","","","","","","","63.38682","65.28022","69.69175","72.93361","75.54909","77.24009","78.11463","78.65693","","79.9479","","82.70063","","","","","","","","","78.04497","79.51083","","","82.85109","82.53367","81.64421","88.22536","90.01793","90.36688","90.54107","91.59308","92.27449","93.2769","93.59603","93.78802","94.91267","94.53881","95.8761","96.66345","","98.01034","","98.07109","98.10531","98.14067","98.6613","","",
"Iran Islamic Rep.","IRN","","","","","","","","","","","","","","","","","","","","","","","","","","","","","","","","","","","","","","","","","","","","","","","","","","77.81298","76.34191","78.61445","80.44597","77.67467","77.8726","","80.17273","81.37533","","",
"Iraq","IRQ","","","","","","","","","","","","","","","","25.77166","26.26112","28.62355","34.34707","39.67244","43.18319","43.72145","45.07588","","","40.53301","","40.59831","39.2585","38.54725","","","","35.21856","","","","","","30.64769","32.53811","","","35.89668","40.46964","","","45.16146","","","","","","","","","","","","",
"Iceland","ISL","","","","","","","","","","","","","","","","","","72.23603","","","","","","","","","","","","","","","","","","","","","85.79953","83.655","82.06997","81.97875","85.12872","87.53701","89.68152","90.58223","90.6513","89.86835","88.94186","87.03614","87.88673","86.83565","87.162","87.4513","88.68837","89.73447","89.98944","91.2734","","",
"Israel","ISR","","","","","","","","","","","","","","","","","","","","","","","","","","","","","","","","","","","","","","","","97.14253","99.02572","99.53564","99.61155","99.65913","99.91164","99.77489","99.74114","99.38521","98.6916","98.56833","98.33685","98.45622","98.49454","98.61948","98.74113","98.99156","98.58078","98.63822","","",
"Italy","ITA","","","","","","","","","","","","","","","","","","","","","","","","","","","","","","","","","","","","","","","","85.169","86.75838","88.25124","90.55396","91.21779","92.39098","92.36553","93.35992","92.96982","95.20962","95.03722","96.34992","94.32707","93.97184","95.33671","95.40623","95.55489","95.07944","94.66346","","",
"Jamaica","JAM","","","","","","","","","","","","","","","","55.32495","57.82786","59.18727","","","","64.41112","","61.58163","59.63479","60.48277","58.11748","","","","","","","","","","","","","81.20214","76.31857","75.43941","75.81995","75.90072","80.86763","80.61632","","","","","","76.80378","","72.92916","72.78254","71.87973","72.66633","73.20201","73.96802","",
"Jordan","JOR","","","","","","","","","","","","","","","","","","","","","","","","","","","","","","","","","","","","","","","","74.41884","75.84195","","78.92007","79.26423","78.51319","76.04138","79.17424","","79.64796","","","76.60496","","70.12235","68.23358","","","61.90296","62.59678","",
"Japan","JPN","","","","","","","","","","","","","","","","","","","","","","","","","","","","","","","","","","","","","","","","","","","","","","","","","","","","","","","","","","","","",
"Kazakhstan","KAZ","","","","","","","","","","","","","","","","","","","","","","","","","","","","","","","","","","","","","","","","","88.66677","","","","","","94.71818","","","","92.55572","92.91494","93.62616","93.57774","96.95453","98.20578","98.66864","99.83544","99.83695","99.83989",
"Kenya","KEN","","","","","","","","","","","","","","","","","","","","","","","","","","","","","","","","","","","","","","","","","32.8737","","34.25671","35.80986","38.54144","40.25251","41.16133","43.23433","47.81761","47.42096","","","","","","","","","","",
"Kyrgyz Republic","KGZ","","","","","","","","","","","","","","","","","","","","","","","","","","","","","","","","","","","","","","","","","","","","","82.2807","80.63642","80.60553","80.37718","","","","","","","80.23971","80.51887","82.18479","83.16127","84.38733","",
"Cambodia","KHM","","","","","","","","","","","","","","","","","","","","","","","","","","","","","","","","","","","","","","","16.60146","14.87675","15.61553","16.82846","22.25676","26.49652","27.44903","","32.26357","35.91496","38.33132","","","","","","","","","","","",
"Kiribati","KIR","","","","","","","","","","","","","","","","","","","","","","","","","","","23.34112","","","","","","","","","","","","","","","","","68.6703","69.09189","69.13151","","","","","","","","","","","","","","",
"St. Kitts and Nevis","KNA","","","","","","","","","","","","","","","","","","","","","","","","","","","66.65002","","74.02878","74.49093","","","78.84069","","","","","","","","95.96279","","89.66991","86.79782","85.74149","87.2079","","90.39366","97.39046","95.77059","96.25154","95.24622","79.1808","97.78965","97.13024","98.37622","98.00256","","","",
"Korea Rep.","KOR","","","","","","","","","","","","35.33232","39.14199","42.07355","45.56385","49.32935","53.29621","56.98226","60.16836","63.7847","68.64021","72.88877","","","80.49847","82.37735","84.68302","","","84.63785","","88.06848","86.85311","","","","95.93705","94.28475","93.84005","93.26666","92.63574","92.98384","92.85815","93.75619","94.51301","95.19021","94.37853","94.14674","93.38299","94.64991","94.90295","95.63541","96.42506","97.76121","98.16688","97.70791","98.14563","98.00711","","",
"Kuwait","KWT","","","","","","","","","","","","53.89117","53.54469","53.24587","","","","","68.6232","69.21718","71.96876","","","","","","","","","","","","47.29107","","66.74448","","91.9655","89.08834","","81.77246","82.00457","82.03189","","","","","88.71929","88.97308","87.51241","84.58073","87.37731","86.35335","86.53257","85.04221","83.835","86.52941","","","","",
"Latin America & Caribbean (excluding high income)","LAC","","","","","","","","","","","","","","","","","","","","","","","","","","","58.73349","58.99972","59.05248","58.84244","59.16076","59.17018","59.61712","59.92619","60.40664","61.19699","62.32497","62.73429","63.97495","64.38222","65.21407","66.10622","67.08983","65.52677","66.70741","67.64578","68.15071","68.48382","70.86132","71.89542","72.28398","72.67364","72.45098","75.78636","76.09166","76.47914","77.24594","77.15013","77.29944","",
"Lao PDR","LAO","","","","","","","","","","","","","","","","","","","","","","","","","","","","","","","","","13.9121","14.41288","17.09353","","","20.72817","22.95058","25.6322","27.41947","28.96552","29.97322","33.31071","34.94459","35.19979","34.41882","35.52986","36.52896","38.11272","39.96589","40.66093","43.58459","47.07239","52.32234","55.82319","58.73341","60.13026","60.0122","",
"Lebanon","LBN","","","","","","","","","","","","","","","","","","","","","","","","","","","","","","","","","","","","","","","","","","","","","","","","","","","","","","","","","","","","",
"Liberia","LBR","","","","","","","","","","","","","","","","","","","","","","","","","","","","","","","","","","","","","","","","","","","","","","","","","","","","","","","16.961","15.69147","","","","",
"Libya","LBY","","","","","","","","","","","","13.22033","15.95872","20.68498","28.01731","33.17223","41.50767","45.90826","52.13122","55.45254","57.72015","55.33849","","58.4499","","","","","","","","","","","","","","","","","","","","","","","","","","","","","","","","","","","","",
"St. Lucia","LCA","","","","","","","","","","","","","","","","","","","","","","","","","","","","","","","","","","","","","","","","60.90379","62.29479","60.86982","60.42583","63.7075","62.68135","68.03964","68.6966","76.97758","79.70525","82.4496","82.5328","81.23662","80.93965","80.11243","","80.79577","78.60232","80.81903","81.31252","",
"Latin America & Caribbean","LCN","","","","","","","","","","","","","","","","","","","","","","","","","","","59.28607","59.57025","59.65624","59.38844","59.61357","60.04012","60.4529","60.30259","60.78527","61.57888","62.69985","63.04243","64.33772","64.80337","65.71705","66.64093","67.65336","66.228","67.37197","68.27903","68.75196","69.01169","71.26887","72.20532","72.63742","72.9849","72.76669","76.05959","76.36003","76.75564","77.49153","77.36148","77.50429","",
"Least developed countries: UN classification","LDC","","","","","","","","","","","","","","","","","12.12234","11.89268","12.28831","12.84325","13.71578","13.68296","14.41278","15.12198","15.43429","15.31957","15.2602","15.44231","15.57661","15.62565","15.29696","16.21611","16.96293","17.64156","18.55191","19.71152","20.48693","21.11619","22.19568","23.03513","24.04056","24.88436","25.84814","26.28803","26.58309","27.0964","28.23262","29.15138","30.01052","31.34445","32.48536","33.08418","34.27019","35.18394","36.12135","37.28353","37.99336","37.93698","38.05158","",
"Low income","LIC","","","","","","","","","","","","","","","","","","","","","","","","","","","","","","","","","18.4348","18.28536","18.39475","18.93001","19.09765","19.03224","19.7507","19.92933","20.88775","21.57816","22.60587","24.22189","25.37447","26.52101","27.89233","28.81502","30.42957","31.25516","32.39683","33.424","34.18809","33.00196","33.30497","33.99723","33.3952","33.51031","33.57867","",
"Liechtenstein","LIE","","","","","","","","","","","","","","","","","","","","","","","","","","","","","","","","","","","","","","","","","","","","94.00596","91.9797","","","","90.65952","91.82644","91.15397","92.36228","92.11856","","91.53872","91.53953","91.20567","85.94145","","",
"Sri Lanka","LKA","","","","","","","","","","","","","","","","","","","","","","","","","","","58.67977","","","","","","","","","","","","","","","","","","","","","","","","84.03138","85.2998","","","","","","89.04229","91.03783","",
"Lower middle income","LMC","","","","","","","","","","","","","","","","","","","","","","","","","","","","","","","","","","","","","","","","40.01806","41.15796","41.6674","42.80613","44.34872","45.50777","46.39556","47.49076","49.41777","50.65561","50.61451","52.42785","54.13049","55.38944","56.91442","57.27701","57.60987","58.26122","59.56994","59.91367","",
"Low & middle income","LMY","","","","","","","","","","","","","","","","","","","","","","","","","","","","","","","","","","","","","","","49.58251","49.9311","50.93565","51.61339","52.22729","53.10246","54.02102","54.71912","55.40113","56.49204","57.28407","57.79404","59.20003","60.32994","60.64235","61.86824","62.6777","62.70272","62.78626","63.20392","63.29202","",
"Lesotho","LSO","","","","","","","","","","","","4.50091","","6.61697","","","","9.66879","9.54373","11.40432","11.89129","12.29596","12.82625","11.39326","11.53595","11.86896","12.18406","","","","","13.60304","15.27388","15.98705","14.91292","","16.46014","","12.3668","16.21034","17.97381","20.04806","20.91766","21.89832","23.20564","25.0859","25.8478","27.23189","29.59115","32.39088","36.12128","38.96832","40.16248","40.63024","40.64296","41.85947","41.35206","","","",
"Late-demographic dividend","LTE","","","","","","","","","","","","","","","","","","","","","","","","","","","","","","","","","","","","","","","69.82836","70.8903","71.17507","71.42574","70.89586","70.92777","71.59837","72.55847","73.16285","74.26708","75.0558","77.00594","78.83115","79.65448","78.69464","80.76516","83.14235","82.80978","82.92815","82.44917","82.59895","",
"Lithuania","LTU","","","","","","","","","","","","","","","","","","","","","","","","","","","","","","","","","","","","83.08933","85.24298","","89.39312","89.18803","90.95167","92.71941","94.48267","96.39001","97.50945","98.60829","99.64591","99.30088","98.24224","97.24047","96.98128","97.30754","97.04006","97.46028","97.59719","97.50248","97.52441","98.42562","","",
"Luxembourg","LUX","","","","","","","","","","","","44.26315","44.19388","44.37488","44.90214","55.42114","56.31357","57.35547","58.51042","","","","67.68719","68.13755","68.39266","","67.4901","66.99335","60.9687","","","","","","","65.99029","69.39835","69.35206","","83.9704","83.93834","80.66896","79.99208","80.10576","79.72127","82.97076","83.49789","84.14165","84.99195","","86.77192","86.47169","85.92268","85.70984","84.97239","84.43463","84.63978","83.58238","","",
"Latvia","LVA","","","","","","","","","","","","","","","","","","","","","","","","","","","","","","","","","","","78.85201","","","","","","","","","","","","","","91.06387","89.64194","90.3935","91.40143","90.9881","93.35256","92.92582","92.86996","93.58713","93.79965","","",
"Macao SAR China","MAC","","","","","","","","","","","","","","","","","","","","","","","","","","","","","","","47.39465","","56.34839","","","","","","","65.31127","68.89933","71.12782","70.35038","70.06409","69.70536","69.30647","68.8992","68.66616","68.43152","69.90853","72.4191","74.75342","75.05218","75.33974","76.03664","77.74461","81.70815","84.38217","86.42111","",
"St. Martin (French part)","MAF","","","","","","","","","","","","","","","","","","","","","","","","","","","","","","","","","","","","","","","","","","","","","","","","","","","","","","","","","","","","",
"Morocco","MAR","","","","","","","","","","","","","","","","","","","","","","","","","","","","","","","","","","","","","","","","","","","","","","40.1431","42.48918","45.26555","47.38257","","51.01615","53.84359","56.69899","","","","","63.46699","64.4924","",
"Monaco","MCO","","","","","","","","","","","","","","","","","","","","","","","","","","","","","","","","","","","","","","","","","","","","","","","","","","","","","","","","","","","","",
"Moldova","MDA","","","","","","","","","","","","","","","","","","","","","","","","","","","","","","","","","","","","","","","","","78.24249","78.03685","78.91573","80.06647","81.07953","81.78983","81.34888","80.55401","83.49852","79.55915","78.62414","77.74841","77.909","77.19155","76.86421","76.40056","76.59364","77.85475","77.95594","",
"Madagascar","MDG","","","","","","","","","","","","","","","","","","","","","","","","","","","","","","","","","","","","","","","","","","","","","","17.29953","","21.80847","23.29579","24.93753","","29.93668","30.99363","","31.01487","30.28786","30.14792","29.12022","29.84739","",
"Maldives","MDV","","","","","","","","","","","","","","","","","","","","","","","","","","","","","","","","","","","","","","","","29.42214","36.88029","","47.03503","","","","","","","","","","","","","","","","","",
"Middle East & North Africa","MEA","","","","","","","","","","","22.3261","22.4466","24.22104","25.905","26.88199","28.83319","30.78708","32.83186","34.7434","35.94514","36.87936","37.48043","38.74966","39.67568","40.67642","41.79869","43.65962","44.96323","45.7202","46.8762","49.47763","49.9504","49.79359","51.26631","53.72983","54.39648","55.00383","56.62397","58.32453","60.07506","61.34339","62.26609","63.06525","64.17527","65.49245","65.51785","65.81262","65.44071","66.89581","68.7705","68.84673","71.20198","71.53439","69.52544","70.20788","70.95123","71.86762","72.42314","72.89887","",
"Mexico","MEX","","","","","","","","","","","","","","","","","","","","","","","","","","","47.10249","47.94386","47.44333","45.88711","46.72132","46.10101","","","47.71012","49.32331","51.15111","","","54.98575","56.09204","","60.41548","63.26205","65.15369","66.67768","67.83849","68.93457","69.60395","69.68225","70.08479","70.65515","71.82661","75.56968","77.66257","80.02575","81.22278","81.15596","","",
"Marshall Islands","MHL","","","","","","","","","","","","","","","","","","","","","","","","","","","","","","","","","","","","","","","","","","","58.57327","","","","","49.12115","","","","","","","","55.84084","55.85237","","","",
"Middle income","MIC","","","","","","","","","","","","","","","","","","","","","","","","","","","","","","","","","","","","","","","52.55712","52.95357","53.98122","54.6834","55.28579","56.18066","57.14436","57.8885","58.61426","59.8615","60.69278","61.29083","62.86385","64.12658","64.47047","66.15774","67.10091","67.12962","67.42127","67.9526","68.12466","",
"North Macedonia","MKD","","","","","","","","","","","","","","","","","","","","","","","","","","","","","","","","","","","","","","","","","","","","","","78.93037","","","","","","","","","","","","","","",
"Mali","MLI","","","","","","","","","","","","3.57855","3.61288","4.00769","3.95896","","","","","","","","","","","","","","","","","5.54052","","","","","","","","","","","","","","","","","27.69524","28.78149","30.67392","31.98852","","33.11983","35.01947","31.36945","32.53744","29.34611","29.92706","",
"Malta","MLT","","","","","","","","","","","","51.57357","60.08427","61.65289","62.86412","69.59258","71.95016","68.7854","66.51193","64.37794","67.6333","65.16347","70.91504","74.00655","76.12158","75.97463","73.8507","72.86538","73.11098","75.20883","77.43415","78.06332","80.7998","80.7028","80.58905","81.25474","79.82394","80.77807","80.31158","80.11768","82.02675","81.0434","82.09974","86.26731","87.59445","87.58097","85.29509","","80.24937","","83.80971","","88.90797","87.85101","88.22941","88.88531","89.55552","92.96077","","",
"Myanmar","MMR","","","","","","","","","","","","","","","","","","","","","","","","","","","","","","","","","","","","","","","","29.66754","32.95794","35.76385","35.51076","36.09419","40.44941","41.00243","43.17034","43.45929","45.29753","44.79402","45.05213","","","","48.71663","","56.31635","59.62371","64.05857","",
"Middle East & North Africa (excluding high income)","MNA","","","","","","","","","","","21.34574","21.49599","23.42692","25.25942","26.30911","28.40239","30.48158","32.63458","34.66565","35.93375","36.79775","37.30956","38.53365","39.36609","40.31688","41.39054","43.32153","44.67674","45.38949","46.52006","49.25892","49.72669","49.52989","50.93157","53.41838","53.95086","54.46799","56.10449","57.8116","59.56191","60.76744","61.63395","62.36273","63.43127","64.71712","64.59102","64.80938","64.23128","65.65144","67.52974","67.34881","69.73419","69.84611","67.29459","67.82328","68.61788","69.63247","70.16223","70.61009","",
"Montenegro","MNE","","","","","","","","","","","","","","","","","","","","","","","","","","","","","","","","","","","","","","","","","","","","","","","","","","","","","","","","","90.05336","89.33592","89.07485","",
"Mongolia","MNG","","","","","","","","","","","","","","","","","","","","","78.88562","","","","","","","","","","","","","","","59.40625","60.71197","57.52066","58.89668","58.16367","62.02657","67.90587","71.64472","76.57937","80.71236","82.74727","81.88655","","","","","","","","","","","","","",
"Northern Mariana Islands","MNP","","","","","","","","","","","","","","","","","","","","","","","","","","","","","","","","","","","","","","","","","","","","","","","","","","","","","","","","","","","","",
"Mozambique","MOZ","","","","","","","","","","","","","","","","","","","","","","","","","","","","","","","","","6.54573","6.5713","6.37535","6.63792","","","","2.76722","3.27968","3.51725","4.36667","","4.13627","7.07607","8.96287","10.58298","12.21686","14.57866","15.97046","17.0661","17.45519","19.89826","20.22234","19.27829","","","","",
"Mauritania","MRT","","","","","","","","","","","","","","","","","","","","","","","","","","","","","","","","","","","","","","","","","","13.53068","13.61746","","13.08816","14.25672","14.52714","","","","","","22.44263","22.0598","23.70334","24.98002","27.46113","28.18691","30.97658","",
"Mauritius","MUS","","","","","","","","","","","","","","","","","","","","","","42.1666","41.36569","","","","","","","","","","","","","","","","64.42642","66.43443","68.24067","70.41827","73.48704","","79.38137","","","","","","","","","","","85.34866","84.30625","84.54626","84.30832","",
"Malawi","MWI","","","","","","","","","","","","","","","","","","","","","","","","","","","","","","","","","","","","","","","27.12398","29.88415","30.67589","27.60185","26.56347","","24.15185","23.44309","24.89945","25.15857","27.30239","27.73351","29.12365","30.06088","30.4559","32.74037","33.54261","34.24597","32.95718","","34.23885","",
"Malaysia","MYS","","","","","","","","","","","37.1201","39.67309","41.50132","","","","","","","","","","","","","","","","","","","","","","","","","","76.19632","75.69148","75.30455","75.24777","74.68553","80.32219","80.88979","76.92736","78.44768","74.47215","74.09303","74.00103","74.33845","74.16752","75.75679","76.2547","74.65151","","73.40114","74.39817","72.21113","",
"North America","NAC","","","","","","","","","","","","","","","","","","","","","","","","","","","88.10165","88.29886","87.0869","85.87593","84.65892","84.64996","86.62749","88.65336","89.8368","89.97495","89.32095","89.30873","89.29432","87.31304","86.91654","87.99579","86.61102","88.93807","89.40924","89.02733","88.70541","88.66419","88.86847","88.9192","88.16823","89.47648","89.55233","89.64119","89.96159","91.36782","92.79179","93.07327","93.06775","",
"Namibia","NAM","","","","","","","","","","","","","","","","","","","","","","","","","","","","","","","","","","","","31.60074","","","35.75238","38.64322","42.15857","44.03571","49.63457","46.72934","48.01554","49.94275","50.48431","52.04122","","","","","","","","","","","","",
"New Caledonia","NCL","","","","","","","","","","","","","","","","","","","","","","","","","","","","","","","","","","","","","","","","","","","","","","","","","","","","","","","","","","","","",
"Niger","NER","","","","","","","","","","","","","","","1.39895","","1.68804","2.11378","2.53561","3.06804","","3.50079","","","","","","","","","5.36037","5.78795","","","","","","5.4615","","5.38559","","5.28282","5.50642","6.13784","7.51201","8.52719","","8.86268","9.46457","9.59377","10.86772","11.53509","","","15.15304","16.63379","","20.06691","","",
"Nigeria","NGA","","","","","","","","","","","","","","","","","","","","","","","","","","","","","","","","","","","","","","","","","","","","","","","","","","","","","","","","","","","","",
"Nicaragua","NIC","","","","","","","","","","","","11.80614","","","","","","","","","19.91828","","","19.09523","17.72496","16.74021","18.05797","20.11334","","20.90677","","","","","","","","","","","34.65554","36.46335","38.66694","","41.63398","43.93625","45.4727","","","","48.4211","","","","","","","","","",
"Netherlands","NLD","","","","","","","","","","","","69.13764","71.87652","73.69326","75.69932","76.82385","80.04422","81.16168","81.52763","81.40867","81.09597","81.14488","82.12824","83.47393","85.223","85.32612","88.60145","88.32141","86.30729","84.6884","83.74738","83.69099","84.40415","85.83392","","90.92787","90.87457","89.45088","","90.99442","","","89.33102","88.12664","88.73562","86.907","88.55384","88.54171","88.17683","87.63294","87.8786","89.02126","89.579","","","92.54597","93.17266","93.16439","","",
"Norway","NOR","","","","","","","","","","","","","","","","","","","80.76859","82.06106","","83.48026","84.03964","","85.29788","85.90369","85.99373","85.14763","84.54219","84.9854","87.25722","87.62745","88.81443","90.64369","","","","96.56315","96.16022","95.27329","94.75798","94.36783","94.16888","95.10527","96.11468","96.75623","97.16459","97.46832","96.67695","95.73719","95.29992","94.86901","94.47334","95.00651","95.34711","95.4637","95.6976","95.60786","","",
"Nepal","NPL","","","","","","","","","","","","","","","","","","","","","","","","","","","","","","","","","","","","","","","","","","","","","","","","44.2879","47.41153","","","","","","","","55.37494","57.51369","","61.87253",
"Nauru","NRU","","","","","","","","","","","","","","","","","","","","","","","","","","48.64583","","","","","","","","","","","","","","","","","","","","","","","","","","","72.50608","","73.66255","","71.80984","","","",
"New Zealand","NZL","","","","","","","","","","","","","","","","","","80.49556","","80.48634","79.70358","80.31429","81.07884","83.40437","83.13238","82.20806","82.24351","82.50976","83.57917","84.0704","84.59661","86.52899","87.54688","","92.2758","89.88125","93.05111","91.59493","","","","","","","","","","","","","","","","94.64403","94.71184","95.32172","96.10406","96.86035","","",
"OECD members","OED","","","","","","","","","","","","","","","","","","","","","","","","","","71.66962","72.41499","72.85643","72.47353","72.12857","72.04203","72.89781","74.00836","76.20674","78.03891","78.76675","79.22977","79.38765","79.3241","79.21714","80.08977","81.52645","81.92525","83.3132","84.18275","84.98548","85.20968","85.24645","85.44197","85.20094","85.57344","86.02198","85.84729","87.04059","87.72014","88.46915","89.00189","89.3494","89.36801","",
"Oman","OMN","","","","","","","","","","","","","","","","","","","3.57778","5.28208","","10.13505","12.05678","","","","","","","","","","","49.31918","","","","","","63.41522","67.56254","71.17022","73.07951","73.871","","","","","","89.281","","89.67208","88.88807","90.58011","","93.48381","95.46011","94.0779","96.19256","",
"Other small states","OSS","","","","","","","","","","","","","","","","","","33.64919","33.55549","33.56711","33.34457","33.34698","33.6293","33.96072","34.14414","34.4109","34.41726","34.04078","33.94918","34.20861","35.60473","36.76237","37.47199","38.43584","38.70722","39.48224","40.20624","41.12348","41.48532","41.80494","43.11204","43.99237","45.55286","46.64881","48.30282","49.35865","49.39798","50.30923","50.51286","51.25826","51.6864","51.62497","52.43997","52.7261","53.1738","53.35628","53.6004","54.02025","","",
"Pakistan","PAK","","","","","","","","","","","","","","","","","","","","","","","","","","","","","","","","","","","","","","","","","","","","","","","30.50841","32.58288","32.64259","32.51055","","33.37407","34.47115","35.5661","","34.59878","35.80793","35.42111","37.40039","",
"Panama","PAN","","","","","","","","","","","","","","","","","","","","","","","","","","","","","","","","","","","","","","","","57.07839","58.31477","60.3896","62.18624","","61.62455","61.79277","","","63.30201","63.42638","66.11851","65.56966","","70.40156","69.04856","69.72867","","63.79138","","",
"Peru","PER","","","","","","","","","","","25.56384","","","","","","","","","","","44.54678","","","","","","","","","","","","","","52.1665","53.24848","53.44598","59.02289","59.7418","62.00506","65.00322","65.88343","","66.03303","67.21536","69.37305","72.88175","74.67779","77.71898","77.70725","78.92787","75.31964","79.99309","79.52639","79.18143","82.80666","85.58522","89.30975","",
"Philippines","PHL","","","","","","","","","","","","","","","","","","","","46.21004","","","","","","","","","","","","","55.42901","56.92587","57.77512","","58.00518","","48.57528","49.82783","","50.88424","54.62719","57.36658","59.28866","58.87591","59.04377","59.8099","60.34316","61.04577","","","","","66.35664","65.55881","","","","",
"Palau","PLW","","","","","","","","","","","","","","","","","","","","","","","","","","","","","","","","","","","","","","","","","","","","","","","","","","","","","","","","","","","","",
"Papua New Guinea","PNG","","","","","","","","","","","","","","","","","","","","","","","","","","","","","","","","","","","","","","","","","","","","","","","","","","","","","","","","","32.38128","","","",
"Poland","POL","","","","","","","","","","","","","","","","","","","","","","","","","","","","","","","","","","","","","","","","89.73243","90.2038","91.15086","92.09939","92.53334","90.80341","92.97257","92.73418","92.17529","91.26481","90.26224","89.64078","89.01451","89.14576","90.92449","91.52153","92.66846","93.44554","94.08406","","",
"Pre-demographic dividend","PRE","","","","","","","","","","","","","","","","","","","","","","","","","","","","","","","","","16.60082","16.63517","16.83279","17.07103","16.98697","16.89631","17.24552","17.49563","18.21793","19.08439","19.95081","20.95861","22.32802","23.10283","23.89674","24.44371","26.63833","28.33974","30.06803","30.25196","30.51339","31.63519","32.22259","32.96741","33.74958","34.67489","35.01341","",
"Puerto Rico","PRI","","","","","","","","","","","","","","","","","","","","","","","","","","","","","","","","","","","","","","","","","","","","","","","","","","","","76.26653","77.38289","79.94335","81.4782","81.32599","75.91911","","","",
"Korea Dem. Peoples Rep.","PRK","","","","","","","","","","","","","","","","","","","","","","","","","","","","","","","","","","","","","","","","","","","","","","","","","","","","","","","","","","","","",
"Portugal","PRT","","","","","","","","","","","","","","22.46957","23.04631","","29.70386","31.62607","32.31564","","","","","","","","","","","","","","","69.27544","76.77567","75.2558","","","","80.64397","81.65938","79.30832","79.09426","80.35618","","82.05246","82.64076","","","","","","","92.51532","92.78381","93.58598","93.94509","94.66479","","",
"Paraguay","PRY","","","","","","","","","","","","","","","","","","","","","","","","","","","","","","","","","","","33.22648","","38.07619","","42.79821","45.66068","","51.65877","52.87572","54.13995","56.20782","57.02914","57.42306","58.11186","59.36683","59.90882","60.94171","62.70972","65.88458","","","","","","","",
"West Bank and Gaza","PSE","","","","","","","","","","","","","","","","","","","","","","","","","","","","","","","","","","","","","","","","73.2357","74.67093","75.41821","78.09173","80.8798","84.53299","85.61943","86.68269","86.4551","86.2914","85.04096","83.27484","81.3884","81.75054","81.78292","82.22385","83.72251","85.18335","87.20079","87.22641","",
"Pacific island small states","PSS","","","","","","","","","","","","","","","","","","","","","","","","","","","","","","","","","","","","","","","57.08466","57.8382","55.04421","56.97167","59.28596","59.85975","61.92233","62.15861","64.23496","62.37628","63.64615","64.97627","66.97126","67.39136","66.70892","66.19857","","","","","","",
"Post-demographic dividend","PST","","","","","","","","","","","","","","","","","","","","","","","","","","","78.55204","78.98693","78.60573","78.44486","78.24199","78.98708","80.15837","82.4252","84.31308","85.03403","85.62601","85.61568","85.15659","84.78855","85.18859","85.98569","85.83837","87.09157","87.73305","88.01966","88.06183","87.9194","88.2413","88.44542","88.44297","88.54826","88.58138","88.79159","89.23449","89.86954","90.54602","90.73148","90.7899","",
"French Polynesia","PYF","","","","","","","","","","","","","","","","","","","","","","","","","","","","","","","","","","","","","","","","","","","","","","","","","","","","","","","","","","","","",
"Qatar","QAT","","","","","","","","","","","","24.23028","25.2965","26.88708","28.38147","","37.63203","37.69994","44.28792","49.35026","54.24183","57.25422","","63.41126","63.66883","66.6772","69.4572","61.92063","63.24087","","66.2955","67.93879","67.7974","73.98589","76.09208","","","","76.89985","74.43684","","","76.91573","","91.83049","90.04446","84.17814","","","","93.8946","","","","","","","","","",
"Romania","ROU","","","","","","","","","","","","","","","","","","","","","","","","","","","","","","","","","","","","","70.40133","71.24547","","","","","","","","","","","","","","","","","85.2863","84.54438","82.76527","82.84805","","",
"Russian Federation","RUS","","","","","","","","","","","","","","","","","","","","","","","","","","","","","","","","","","","","","","","","","","","","","","","","","","","","","","91.69424","93.07093","","","90.67886","","",
"Rwanda","RWA","","","","","","","","","","","","","","","","","","","","","","","","","","","","","","","","","","","","","","","","","","","","","","","","","","","","","","","","28.1042","28.13633","","35.87144","",
"South Asia","SAS","","","","","","","","","","","","","","","","","","","","","","","","","","","","","","","","","","","","","","","","37.94873","39.21835","39.45048","40.80542","42.38781","43.5326","45.2492","46.59837","48.49171","50.24801","49.83545","52.14638","54.02543","55.94732","57.56894","58.0758","58.30514","58.68417","60.20007","60.5279","",
"Saudi Arabia","SAU","","","","","","","","","","","","","","","","","","","","17.43968","","","","","","","","","","","","","","","","","","","","","","","","","","","","","","73.54999","","","","","","","89.72179","90.55695","96.36052","",
"Sudan","SDN","","","","","","","","","","","","","","","","","","","","","","","","","","","","","","","","","","","","","","","","","","","","","","","","","","","","31.4995","","","","","","","","",
"Senegal","SEN","","","","","","","","","","","","","","","","","","","","","","","","","","","","","","","","","","","","","","","","","","","","","14.99612","19.81839","20.83433","","","","","","","","","","","37.66861","","",
"Singapore","SGP","","","","","","","","","","","","","","","","","","","","","","","","","","","","","","","","","","","","","","","","","","","","","","","","","","","","","","","","","99.53179","99.78462","","",
"Solomon Islands","SLB","","","","","","","","","","","","","","","","","","","","","","","","","","","","","","","","","","","","","","","","23.56227","18.85258","21.90283","28.24717","","","","34.28613","30.99458","","","","","","","","","","","","",
"Sierra Leone","SLE","","","","","","","","","","","","","","","","","","","","","","","","","","","","","","","","","","","","","","","","","","","","","","","","","","","","","","33.40844","","32.50901","","38.33144","41.76675","",
"El Salvador","SLV","","","","","","","","","","","","","","","","","","","","","","","","","","","","","","","","","","","","","","","","","47.93307","49.39867","53.2061","","","57.372","56.26755","56.40539","57.25487","58.78916","61.23691","63.49826","65.32173","67.03843","66.52072","65.16322","63.97324","60.18056","61.83092","",
"San Marino","SMR","","","","","","","","","","","","","","","","","","","","","","43.85516","47.01937","49.84779","","","51.34464","","","","","","","","","","50.31606","","","","44.76852","","","","","","","","","","","","","","","","","","66.54351","",
"Somalia","SOM","","","","","","","","","","","","","","","","","","0.09823","0.13046","0.22969","0.21503","","","","","","","","","","","","","","","","","","","","","","","","","","","","","","","","","","","","","","","",
"Serbia","SRB","","","","","","","","","","","","","","","","","","","","","","","","","","","","","","","","","","","","","","","","","","","","","","","","","89.58781","90.24074","90.16584","92.48608","92.86209","93.02904","92.20523","93.78182","93.11418","92.45639","92.06535","",
"Sub-Saharan Africa (excluding high income)","SSA","","","","","","","","","","","","","","","","","","","","","","","","","","","","","","","","","","","","","","","19.71152","19.99889","20.69953","21.53225","22.50022","23.40669","24.60959","25.51868","26.34444","27.27121","28.9109","30.2005","31.70727","32.06235","32.45156","33.38244","34.02056","34.80147","35.06753","35.28772","35.58147","",
"South Sudan","SSD","","","","","","","","","","","","","","","","","","","","","","","","","","","","","","","","","","","","","","","","","","","","","","","","","","","","5.0784","","","","5.48403","","","","",
"Sub-Saharan Africa","SSF","","","","","","","","","","","","","","","","","","","","","","","","","","","","","","","","","","","","","","","19.71796","20.00473","20.70502","21.53815","22.50571","23.41232","24.61484","25.52428","26.34918","27.27619","28.91533","30.20465","31.71098","32.06327","32.45388","33.38542","34.02342","34.8044","35.0705","35.29055","35.58426","",
"Small states","SST","","","","","","","","","","","","","","","38.42698","40.36303","41.49028","42.26168","42.63487","42.98046","43.45953","42.70252","42.8085","43.05986","42.96536","43.27153","43.23375","43.10306","43.2567","43.08395","44.1201","45.20597","45.74329","46.14183","46.68408","47.5443","48.4549","49.28442","48.97634","49.42849","49.94965","50.80277","52.07714","52.76738","54.46747","55.1457","55.29746","55.84291","56.08131","56.69121","57.08271","57.06738","57.3443","57.34041","57.68301","57.59482","57.88084","58.13102","","",
"Sao Tome and Principe","STP","","","","","","","","","","","","","","","","","","","","","","","","","","","","","30.42545","","","","","","","","","","","","","","","26.07338","25.34772","30.8018","","32.13773","31.39787","32.56531","34.9313","46.62194","","53.83322","62.8682","65.23344","","","","",
"Suriname","SUR","","","","","","","","","","","","","","","","","","","","","","","","","","","","51.40245","49.36437","","","","","","","","","","","","","","","","","","","","","45.70265","50.82254","50.99553","51.9546","54.05382","55.31381","57.78983","","","","",
"Slovak Republic","SVK","","","","","","","","","","","","","","","","","","","","","","","","","","","","","","","","","","","","","","","","","","","85.14163","86.45427","88.28267","87.84709","87.07428","86.58337","85.9498","85.70593","85.63455","85.48102","85.32587","84.20808","84.22573","84.75642","85.03241","84.75751","","",
"Slovenia","SVN","","","","","","","","","","","","","","","","","","","","","","","","","","","","","","","","","","","","","","","89.0652","90.06879","91.37488","92.02806","92.6313","92.96358","92.23803","92.02712","91.66008","93.14014","93.05556","93.45478","94.02173","94.12994","94.0584","95.17996","94.78695","96.42797","95.46","95.68577","","",
"Sweden","SWE","","","","","","","","","","","","","","","","","","","","","","","","","","","","","","84.78893","84.8464","85.21871","86.40441","90.51508","93.74604","95.58239","97.48614","98.01003","","96.09932","95.51994","94.91041","97.39371","98.32237","98.71966","99.83487","99.55568","98.45967","97.11186","95.06724","93.07121","91.5596","92.53922","94.47021","96.67425","99.64163","99.06336","","","",
"Eswatini","SWZ","","","","","","","","","","","11.21915","11.54199","12.99253","","17.29354","19.28111","20.54427","22.24896","","","","","","","","","","","","","","","","","","","","","34.65212","32.85493","31.12904","32.32801","33.73414","32.95422","37.26517","35.74311","31.48725","32.8932","","36.179","37.06153","39.58057","40.13429","39.00495","40.49563","41.69996","","","","",
"Sint Maarten (Dutch part)","SXM","","","","","","","","","","","","","","","","","","","","","","","","","","","","","","","","","","","","","","","","","","","","","","","","","","","","","76.49279","","69.75968","","","","","",
"Seychelles","SYC","","","","","","","","","","","","","","","","","","","","44.91131","","","","","","","","","","","","","","78.8783","82.21917","82.16093","83.60779","","89.6984","66.55432","65.33721","71.20647","70.56012","74.80909","74.78367","81.58629","","79.14181","76.43478","76.27449","74.66878","","","73.85355","74.57848","78.19143","80.64695","79.64231","80.06115","",
"Syrian Arab Republic","SYR","","","","","","","","","","","","26.20454","","35.44812","35.64222","36.104","38.50914","40.64411","41.45388","42.96459","42.38675","40.02883","","","","","","","","","","","","","","38.13992","37.54465","37.4799","38.52008","38.49961","39.32775","40.96619","41.03979","57.42479","60.93327","64.02818","63.8259","65.38093","65.9656","66.07245","66.79607","68.82457","72.30405","48.50187","","","","","","",
"Turks and Caicos Islands","TCA","","","","","","","","","","","","","","","","","","","","","","","","","","","","","","","","","","","","","","","","","","","","","","","","","","","","","","","","","","","","",
"Chad","TCD","","","","","","","","","","","","","","","","","","","","","","","","","","","","","","","","","","","","","","","6.1114","6.99402","7.24649","8.40238","9.58813","10.5173","","","","","","","","","","","","18.44135","18.8551","","","",
"East Asia & Pacific (IDA & IBRD countries)","TEA","","","","","","","","","","","","","","","","","","","","","","","","","","","","","","","","","","","","","","","60.64323","62.02128","62.7066","63.43926","63.31473","64.59492","66.01198","66.81065","67.89524","69.96361","69.91141","71.80212","73.82039","75.38487","74.56589","76.11492","78.70527","78.39649","78.45527","78.14456","78.31161","",
"Europe & Central Asia (IDA & IBRD countries)","TEC","","","","","","","","","","","","","","","","","","","","","","","","","","","","","","","","","","","","","","","79.90135","80.73788","82.29494","84.02187","84.04544","84.33615","82.66045","81.56678","82.22103","82.961","83.00859","82.76428","84.57692","86.04322","86.51647","88.44553","89.01402","89.26089","88.53747","88.96116","88.43456","",
"Togo","TGO","","","","","","","","","","","","","","","","","","","","","","","","","","","","","","","","15.77007","","","","","","","","20.27586","23.46562","","","","","","","","","","","","","","","","","41.01339","","",
"Thailand","THA","","","","","","","","","","","","","","15.6376","17.60441","","","","","","","","","","","","","","","","","","","","","","","","","","","","","","","","69.59192","73.2857","75.39528","77.17242","77.10383","79.4745","76.52904","","78.79973","77.27069","","","","",
"Tajikistan","TJK","","","","","","","","","","","","","","","","","","","","","","","","","","","","","","","","","","","","","","","","61.97265","70.18143","72.13134","75.00605","","78.10509","78.1815","78.81148","80.24331","81.59779","81.79476","82.50797","83.21746","","","","","","","","",
"Turkmenistan","TKM","","","","","","","","","","","","","","","","","","","","","","","","","","","","","","","","","","","","","","","","","","","","","","","","","","","","","","","","","","","","",
"Latin America & the Caribbean (IDA & IBRD countries)","TLA","","","","","","","","","","","","","","","","","","","","","","","","","","","58.86643","59.18704","59.27749","58.98873","59.24334","59.70192","60.17237","60.06922","60.63553","61.44071","62.49479","62.80015","64.09322","64.52519","65.38891","66.29725","67.32007","65.8224","66.99694","67.90555","68.37099","68.6504","70.97578","71.96324","72.38443","72.76949","72.55697","75.89555","76.21968","76.65285","77.41567","77.28509","77.43196","",
"Timor-Leste","TLS","","","","","","","","","","","","","","","","","","","","","","","","","","","","","","","","","","","","","","","","","","","","","","","","","34.4879","39.44789","40.50575","43.67477","45.19743","45.28738","48.53262","52.64272","57.17904","60.61502","62.73563","",
"Middle East & North Africa (IDA & IBRD countries)","TMN","","","","","","","","","","","20.83903","20.99864","22.95944","24.8019","25.84945","27.95398","30.04804","32.21966","34.2844","35.5662","36.44057","36.95937","38.19878","39.04165","40.00418","41.09111","43.04586","44.41625","45.1372","46.27774","49.05288","49.52334","49.32367","50.74294","53.2611","53.79957","54.29436","55.92108","57.62595","59.3733","60.57024","61.43204","62.12412","63.16248","64.40082","64.24293","64.43329","63.84027","65.27432","67.19797","67.03865","69.50265","69.60627","66.99178","67.51367","68.29196","69.29603","69.79347","70.25002","",
"Tonga","TON","","","","","","","","","","","","","","","","","","","","","","","","","","69.01869","","","","","81.85156","","","","","","","","70.36413","74.53946","","76.43303","","","","","","","","","","","86.01662","80.76551","80.76477","82.07469","","","","",
"South Asia (IDA & IBRD)","TSA","","","","","","","","","","","","","","","","","","","","","","","","","","","","","","","","","","","","","","","","37.94873","39.21835","39.45048","40.80542","42.38781","43.5326","45.2492","46.59837","48.49171","50.24801","49.83545","52.14638","54.02543","55.94732","57.56894","58.0758","58.30514","58.68417","60.20007","60.5279","",
"Sub-Saharan Africa (IDA & IBRD countries)","TSS","","","","","","","","","","","","","","","","","","","","","","","","","","","","","","","","","","","","","","","19.71796","20.00473","20.70502","21.53815","22.50571","23.41232","24.61484","25.52428","26.34918","27.27619","28.91533","30.20465","31.71098","32.06327","32.45388","33.38542","34.02342","34.8044","35.0705","35.29055","35.58426","",
"Trinidad and Tobago","TTO","","","","","","","","","","","","34.1536","34.48805","","","","","","","","","","","","","","","","","","","","","66.8622","","","","","","","","","","","72.64738","","","","","","","","","","","","","","","",
"Tunisia","TUN","","","","","","","","","","","","","","","","","","","20.30324","21.48234","22.25563","","","28.70101","30.44482","32.36521","","","","","","","","","","","","","","","","","","","","","","","","","","","","","","","","","","",
"Turkey","TUR","","","","","","","","","","","","","","","24.23338","","","","","","","","","","","","38.65903","39.98554","41.61897","43.23052","44.26098","46.12145","47.58777","50.81063","","","","54.59374","","57.91036","64.45987","72.65051","72.07506","72.13827","74.05944","76.35578","78.89809","80.55242","79.85273","76.51685","80.94061","84.20113","81.2314","86.87212","87.44485","86.64416","85.28003","87.22819","","",
"Tuvalu","TUV","","","","","","","","","","","","","","","","","","","","","","","","","","","","","","","","","","","","","","","","","","","","","","","","","","","","","","","68.02097","69.73008","58.50727","","66.72794","",
"Tanzania","TZA","","","","","","","","","","","","","","","","","","","","","","","","","","","","","","","","","","","","","","","","","","","","","","","","","","","","","","","","","23.93899","24.55251","26.54777","",
"Uganda","UGA","","","","","","","","","","","","","","","","","","","","","","","","","","","","","","","","","","","","","","","","","","","16.33839","","15.71306","","","19.94433","22.37343","","","","","","","","","","","",
"Ukraine","UKR","","","","","","","","","","","","","","","","","","","","","","","","","","","","","","","","","","","","","","","","","93.57133","94.6328","90.48178","91.04401","90.22745","85.67247","86.92265","86.76809","86.4859","85.75843","85.99148","84.20284","84.48572","85.02414","85.67634","","","","","",
"Upper middle income","UMC","","","","","","","","","","","","","","","","","","","","","","","","","","","","","","","","","","","","","","","67.75657","68.91435","69.54157","70.21029","69.99967","70.14056","70.99974","71.97445","72.82572","73.76982","74.68254","76.6922","78.43899","79.40965","78.60217","80.77983","82.91939","82.72245","82.62597","82.12463","82.24137","",
"Uruguay","URY","","","","","","","","","","","","","","","","","","","","","","","","","56.16876","","","","","","","","","","","","","","","","","","","","","","","67.65482","69.47614","71.36421","","73.45892","74.70228","","76.6716","81.60692","83.27916","88.21273","","",
"United States","USA","","","","","","","","","","","","","","","","","","","","","","","","","","","","","","","","","","","","","","","","","","","","","","89.34377","","","","","88.38466","89.75284","89.29903","89.46575","89.86874","91.27156","92.18317","92.45022","","",
"Uzbekistan","UZB","","","","","","","","","","","","","","","","","","","","","","","","","","","","","","","","","","","","","","","","","","","","","","","","","","","85.91028","86.60566","88.29952","88.51988","88.07015","88.74141","89.80656","90.85635","","",
"St. Vincent and the Grenadines","VCT","","","","","","","","","","","","","","","","","","","","","","","","","36.89737","","","","","","","","","","","","","","","","67.9226","67.96428","72.74333","71.89572","75.54589","72.81704","","","91.41352","89.847","85.59002","","","85.54762","87.38822","84.82507","89.72899","90.47261","89.47196","",
"Venezuela RB","VEN","","","","","","","","","","","","24.58102","26.8205","","","","","","","","","","","","","","","","","","","","","","","","","","","48.53344","51.45313","54.80014","57.32278","58.95968","61.33545","63.14279","66.58989","68.83938","69.97967","71.68989","71.94629","73.03338","74.79369","75.07477","75.72595","74.55316","73.3043","73.24477","","",
"British Virgin Islands","VGB","","","","","","","","","","","","","","","","","","","","","","","","","","61.23216","","","","","","","66.84783","","69.62751","","","","","77.33152","79.56919","81.45613","","","","","","","","","","80.07246","80.17795","79.1587","79.13165","79.98163","78.12074","68.10811","","",
"Virgin Islands (U.S.)","VIR","","","","","","","","","","","","","","","","","","","","","","","","","","","","","","","","","","","","","","","","","","","","","","","","","","","","","","","","","","","","",
"Vietnam","VNM","","","","","","","","","","","","","","","","","","35.77421","","","","","","","","","","","","","","","","","","","","","","","","","","","","","","","","","","","","","","","","","","",
"Vanuatu","VUT","","","","","","","","","","","","","","","","","","","","","","","","","","","","","","14.16682","","16.71118","","","","","","","","29.69092","33.31785","34.33416","38.01188","38.3202","40.60926","","","","","","51.60029","","","","","48.94452","","","","",
"World","WLD","","","","","","","","","","","","","","","","","","","","","","","","","","","","","","","","","","","","","","","53.89543","54.10659","54.93954","55.54719","56.06077","56.94918","57.81391","58.49775","59.11553","60.08915","60.84241","61.3097","62.54485","63.53369","63.79482","64.8996","65.64805","65.71337","65.82859","66.19644","66.27183","",
"Samoa","WSM","","","","","","","","","","","","","","","","","","","","","","","","","","","","","","","","","","","","40.86395","","","68.49613","71.07261","64.55151","65.82802","","","","","","","","79.78155","80.53411","81.10508","82.18894","","85.97104","85.50756","85.51776","","","",
"Kosovo","XKX","","","","","","","","","","","","","","","","","","","","","","","","","","","","","","","","","","","","","","","","","","","","","","","","","","","","","","","","","","","","",
"Yemen Rep.","YEM","","","","","","","","","","","","","","","","","","","","","","","","","","","","","","","","","","","","","","","","33.4825","","","","","","","","","","","39.72381","","42.33233","43.7515","","","47.59088","","","",
"South Africa","ZAF","","","","","","","","","","","","","","","","","","","","","","","","","","","","","","","","","","","51.186","","","","","59.62755","58.85436","59.68998","61.81554","63.53457","65.07833","66.15872","","","","","","","","","","90.54401","","71.92661","","",
"Zambia","ZMB","","","","","","","","","","","","","","","","","","","","","","","","","","","","","","","","","","","","","","","","","","","","","","","","","","","","","","","","","","","","",
"Zimbabwe","ZWE","","","","","","","","","","","","","","","","","","","","","","","","","","","","","","","","","","","","","","","","42.41554","42.45882","43.33936","41.22522","37.23859","","","","","","","","","47.8753","48.73362","","","","","","",
